url,title,paragraph,category
https://ekantipur.com/world/2024/01/15/on-this-day-in-1929-martin-luther-king-was-born-26-38.html,सन् १९२९ मा आजकै दिन : मार्टिन लुथर किङको जन्म,सन् १९२९ मा आजकै दिन (जनवरी १५) मा मार्टिन लुथर किङ जुनियरको जन्म भएको थियो । उनको नेतृत्वमा १९५० को मध्य–दशकमा सुरु भएको आन्दोलनले अश्वेत अमेरिकीका लागि शिक्षा र रोजगारीको समान अधिकार स्थापित गरेको थियो । अमेरिकामा भएको नागरिक अधिकारसम्बन्धी आन्दोलनका क्रममा लुथर किङ १५ पटक पक्राउ परेका थिए ।,समाचार
https://ekantipur.com/national/2024/01/15/from-today-melamchi-water-will-be-available-regularly-to-kathmandu-residents-prime-minister-03-29.html,आजदेखि मेलम्चीको पानी काठमाडौंवासीलाई नियमित रूपमा उपलब्ध हुनेछ : प्रधानमन्त्री,प्रधानमन्त्री पुष्पकमल दाहालले काठमाडौँ उपत्यकाको बढ्दो जनसंख्यालाई सुरक्षित तथा दिगो खानेपानी सेवा उपलब्ध गराउन नेपाल सरकार प्रयासरत रहेको बताएका छन् ।,समाचार
https://ekantipur.com/opinion/2024/01/15/the-limits-and-powers-of-right-wing-politics-41-23.html,दक्षिणपन्थी राजनीतिको सीमा र सामर्थ्य,"नेपालमा फागुन–चैतलाई सडक आन्दोलनको ‘मौसम’ मानिन्छ । २०४६ को प्रजातन्त्रको पुनःस्थापनाको जनआन्दोलन (फागुन ७–चैत २६) होस् अथवा २०६२–६३ को १९ दिने दोस्रो जनआन्दोलन (चैत २२–वैशाख ११), यसै याममा भएको नजिरले पनि होला, राजनीतिक दलहरू यो समय आन्दोलनका लागि बढी नै अग्रसर हुने गर्छन् । ",समाचार
https://ekantipur.com/news/2024/01/15/todays-weather-chance-of-rain-and-snow-13-47.html,आजको मौसम : वर्षा र हिमपातको सम्भावना,"नेपालमा हाल पश्चिमी वायुको आंशिक प्रभाव रहेको छ । साथै बंगलादेशको दक्षिण भू–भाग आसपास रहेको न्यून चापीय प्रणालीको समेत आंशिक प्रभाव छ । यही कारण हल्का वर्षा र हिमपातको सम्भावना रहेको जल तथा मौसम विज्ञान विभाग, मौसम पूर्वानुमान महाशाखाले जनाएको छ ।",समाचार
https://ekantipur.com/opinion/2024/01/15/a-teachers-hand-in-reducing-queerphobia-43-02.html,क्वियरफोबिया न्यूनीकरणमा शिक्षकको हात,"विद्यालय तहमा यौनिक तथा लैंगिक अल्पसंख्यक समुदायबारे पढाउन थालिएको छ, जुन विशेषतः समाजमा पहिचानविहीन जीवन बाँचिरहेकाहरूका निम्ति सुखद पक्ष हो । यस समुदायका विद्यार्थीले पाठ्यवस्तुमा आफूलाई देख्न पाउने भएका छन् भने, सबैखाले विद्यार्थीले आफू वरपरको संसारबारे प्रामाणिक र यथार्थ बुझाइ हासिल गर्न ज्ञानको औपचारिक स्रोत पाएका छन् । ",समाचार
https://ekantipur.com/opinion/2024/01/15/ignoring-bhutanese-refugees-is-not-the-basis-for-a-solution-44-13.html,भुटानी शरणार्थीको उपेक्षा समाधानको आधार होइन,तेस्रो देश पुनर्वास प्रक्रिया भुटानी शरणार्थी समस्याको दीर्घकालीन समाधान खोज्ने प्रयासमा अन्तर्राष्ट्रिय समुदायले अपनाएको वैकल्पिक अभ्यास थियो । भुटानी शरणार्थीहरूका लागि यो अभ्यास अप्रत्याशित र अनपेक्षित थियो एवं यसको सामाजिक–भूराजनीतिक परिणामका बारेमा आपसी छलफल भएको थिएन ।,समाचार
https://ekantipur.com/opinion/2024/01/15/be-sensitive-to-public-health-stop-political-interference-34-24.html,"जनस्वास्थ्यमा संवेदनशील बन, राजनीतिक हस्तक्षेप रोक","‘स्वास्थ्यकर्मीले आत्महत्या गर्छन् भने डोरी लगेर दिनुहोस् । (स्वास्थ्य) सचिवकामा झुन्डिन मन लागेन भने मन्त्रीको गेटमा गएर झुन्डिन भन्दिनुस् ।’ आफ्नै मन्त्रालयका सचिवलाई यस्तो डरलाग्दो निर्देशन दिने व्यक्ति अरू कोही होइन, देशको स्वास्थ्य प्रणालीको नेतृत्व गर्ने मन्त्री मोहनबहादुर बस्नेत हुन् ।",समाचार
https://ekantipur.com/news/2024/01/15/question-on-the-legitimacy-of-choudhary-who-became-the-president-of-unmukti-59-22.html,उन्मुक्तिको अध्यक्ष बनेका चौधरीको वैधानिकतामा प्रश्न,"हत्या अभियोगमा जन्मकैदको सजाय भोगिरहेका रेशम चौधरी राष्ट्रपति रामचन्द्र पौडेलद्वारा कैद माफी पाएपछि रिहा मात्रै भएनन्, उनलाई नागरिक उन्मुक्ति पार्टीको पहिलो अधिवेशनले अध्यक्ष चयन गर्‍यो । तर उनको सर्वसम्मत चयनको वैधानिकतामाथि भने कानुनी प्रश्न उठेको छ । कानुनविद्का अनुसार राष्ट्रपतिबाट पाएको कैद माफी रेशमविरुद्ध अदालतले गरेको फैसलाको खारेजी नभएकाले कानुनतः उनी दलको अध्यक्ष बन्न सक्दैनन् । ",समाचार
https://ekantipur.com/news/2024/01/15/importance-of-being-chosen-in-maghi-44-20.html,माघीमा छानिँदै महतवा,"वर्षभरिका नयाँ योजना बनाउन र गाउँको अगुवा छान्ने चाड माघी सुरु भएसँगै थारू समुदायमा रौनक छाएको छ । माघ १ लाई नयाँ वर्ष मान्ने यो समुदायले पुस अन्तिमदेखि माघ पहिलो सातासम्म माघी पर्व धुमधाम मनाउँछन् । मौलिक कलासंस्कृति, गीत र नाच प्रदर्शन गर्दै मीठा परिकार खाने गरिन्छ । सामान्यतया माघी पाँच दिन चल्छ । माघ सुरु हुनुअघिका तीन दिनमध्ये पहिलो दिन माछा मारिन्छ भने दोस्रो दिन खसी, सुँगुर र कुखुरा काटेर खानपिन गरिन्छ । तेस्रो अर्थात् पुसको अन्तिम दिन तरुल र गन्जी खन्ने गरिन्छ । ",समाचार
https://ekantipur.com/news/2024/01/15/melamchi-has-no-sustainable-plan-the-fifth-opening-today-37-15.html,"मेलम्चीमा दिगो योजना बनेन, पाँचौं ‘उद्घाटन’ आज","काठमाडौंवासीका लागि लामो प्रतीक्षा बनेको मेलम्ची खानेपानी पहिलो पटक २०७७ फागुन २२ मा उपभोक्ताका धारामा झर्‍यो । तत्कालीन प्रधानमन्त्री केपी शर्मा ओलीले पहिलो पटक यसको उद्घाटन गरेका थिए । संरचना निर्माण नटुंगिँदै हतारोमा उद्घाटन गरेको टिप्पणी सेलाउन नपाउँदै १ महिनामै तत्कालीन राष्ट्रपति विद्यादेवी भण्डारीले पुनः मेलम्चीको उद्घाटन गरिन्, भृकुटीमण्डपमा बनाइएको धारा खोलेर । तर २०७८ असारमा मेलम्चीमा आएको बाढीले आयोजनाको मुहान पुरिएपछि तीन महिनामा नै पानी आउन बन्द भयो ।",समाचार
https://ekantipur.com/news/2024/01/14/impact-of-lack-of-budget-sodium-potassium-test-stopped-in-veers-emergency-42-42.html,बजेट अभावको असर : वीरको इमर्जेन्सीमा सोडियम–पोटासियम परीक्षण बन्द,बजेट अभावले वीर अस्पतालका अत्यावश्यक परीक्षणहरु नियमित हुन छाडेका छन् । स्वास्थ्य मन्त्रालयले चालु आर्थिक वर्षमा वीर अस्पतालको बजेट कटौती गरेपछि त्यसको असर यसका सेवामा पनि देखिन थालेको हो ।,समाचार
https://ekantipur.com/news/2024/01/14/in-hindsight-nepal-china-back-and-forth-39-30.html,बाक्लिँदै नेपाल-चीन ओहोरदोहोर,नेपाल–भारत संयुक्त आयोगको सातौं बैठकमा सहभागी हुन आएकै दिन चिनियाँ नेतालाई पनि बोलाएको भन्दै भारतका विदेशमन्त्री एस. जयशंकरले नेपाली पक्षसमक्ष खुलेरै असन्तुष्टि जनाए । जयशंकर काठमाडौं आएकै दिन गएको बिहीबार दिउँसो चीनबाट युनान प्रान्तका चिनियाँ कम्युनिष्ट पार्टी (सीपीसी) का डेपुटी सेक्रेटरी सी युगाङ पनि नेपालको चारदिने भ्रमणका लागि काठमाडौं उत्रिएका थिए ।,समाचार
https://ekantipur.com/news/2024/01/14/suggestions-of-student-leaders-in-the-education-bill-arrangements-should-be-made-to-educate-the-children-of-leaders-and-employees-in-government-schools-32-29.html,विद्यार्थी संगठनका सुझाव : नेता र कर्मचारीका सन्तान सरकारी स्कुलमै पढाउने कानुन होस्,"सरकारी विद्यालयको पठनपाठन सुदृढ, स्तरवृद्धि, गुणस्तरीय एवं प्रतिस्पर्धात्मक शिक्षा र पूर्वाधार विकासका लागि राजनीतिक जिम्मेवारीमा रहेका नेता र प्रशासनिक नेतृत्वमा रहेका कर्मचारीका सन्तानलाई सरकारी स्कुलमा पढाउनैपर्ने बाध्यात्मक कानुन निर्माणका लागि प्रमुख दलनिकट विद्यार्थी संगठनले माग गरेका छन् । ",समाचार
https://ekantipur.com/news/2024/01/14/the-ministry-of-transport-has-formed-a-task-force-to-find-out-the-faults-in-vehicle-accidents-39-05.html,सवारी दुर्घटनाका त्रुटि पत्ता लगाउन यातायात मन्त्रालयले बनायो कार्यदल,"सवारी दुर्घटनाका त्रुटि पत्ता लगाउन भन्दै भौतिक पूर्वाधार तथा यातायात मन्त्रालयले ५ सदस्यीय कार्यदल गठन गरेको छ । सडक दुर्घटनाबाट मानवीय, आर्थिक र भौतिक क्षति बढेपछि मन्त्री प्रकाश ज्वालाले भौतिक र प्राविधिक पक्षका त्रुटिहरु पत्ता लगाउन कार्यदल गठन गरेको मन्त्रालयले जनाएको छ ।",समाचार
https://ekantipur.com/news/2024/01/14/nepal-and-china-are-close-neighbors-and-trusted-friends-prime-minister-dahal-45-48.html,नेपाल र चीन नजिकका छिमेकी र विश्वासिला मित्र : प्रधानमन्त्री दाहाल,प्रधानमन्त्री पुष्पकमल दाहालले नेपाल र चीन नजिकका छिमेकी र विश्वासिला मित्र भएको बताएका छन् । चिनियाँ नयाँ वर्षको आइतबार यहाँ उद्घाटन गर्दै उनले शान्तिपूर्ण सहअस्तित्व र पञ्चशीलका सिद्धान्तका आधारमा हाम्रो सम्बन्ध प्रगाढ रहेको बताए ।,समाचार
https://ekantipur.com/news/2024/01/14/vishwakarma-as-president-of-the-human-rights-forum-50-50.html,मानव अधिकार मञ्चको अध्यक्षमा विश्वकर्मा,नेपालको सबैभन्दा पूरानोमध्येको एक मानव अधिकारवादी संस्था मानव अधिकार संरक्षण मञ्चको अध्यक्षमा गणेश विश्वकर्मा निर्वाचित भएका छन् । मञ्चको चौँथो साधारण सभा तथा आठौँ राष्ट्रिय सम्मेलनले विश्वकर्माको अध्यक्षतामा १७ सदस्यीय नयाँ कार्यसमिति चयन गरेको हो ।,समाचार
https://ekantipur.com/news/2024/01/14/the-government-will-pay-the-arrears-of-the-builders-14-36.html,सरकारले निर्माण व्यवसायीको वक्यौता भुक्तानी दिने,सरकारले निर्माण व्यवसायीहरूको वक्यौता भुक्तानी दिने भएको छ । आइतबार दिउँसो प्रधानमन्त्री पुष्पकमल दाहालको कार्यकक्ष सिंहदरबारमा भएको छलफलपछि निर्माण व्यवसायीहरूले भुक्तानी पाउनुपर्ने रकम निकासाको प्रक्रिया आइतबारबाटै अगाडि बढाउने निर्णय भएको हो ।,समाचार
https://ekantipur.com/news/2024/01/14/prime-ministers-instructions-to-aushadhi-limited-to-start-production-of-20-types-of-medicines-immediately-02-04.html,२० प्रकारका औषधि उत्पादन तत्काल थाल्न औषधि लिमिटेडलाई प्रधानमन्त्रीको निर्देशन,प्रधानमन्त्री पुष्पकमल दाहालले नेपाल औषधि लिमिटेडलाई तत्काल २० प्रकारका औषधि उत्पादनको काम अघि बढाउन निर्देशन दिएका छन् । उनले लिमिटेडले औषधि उत्पादनका क्षेत्रमा गरेको प्रयास महत्वपूर्ण रहेको भन्दै २० प्रकारका औषधि उत्पादनलाई अघि बढाउन निर्देशन दिए ।,समाचार
https://ekantipur.com/news/2024/01/14/coordination-is-needed-to-find-a-solution-to-human-wildlife-conflict-deputy-prime-minister-khadka-56-50.html,मानव-वन्यजन्तु द्वन्द्वको हल खोज्न समन्वय आवश्यक : उपप्रधानमन्त्री खड्का,उपप्रधानमन्त्री एवम् रक्षामन्त्री पूर्णबहादुर खड्काले वन्यजन्तुका कारण निम्तिएको समस्या समाधानका लागि तीनवटै तहका सरकार र समुदायबीच समन्वय हुनु आवश्यक रहेको बताएका छन् । उनले बर्दियामा मानव-वन्यजन्तुबीचको द्वन्द्व बढ्दै गएको जानकारी रहेको भन्दै त्यसबाट निम्तिएका समस्या समाधानका लागि स्थानीय समुदाय र तीनवटै तहका सरकार मिलेर पहल गर्नुपर्ने बताए ।,समाचार
https://ekantipur.com/news/2024/01/14/inaugurating-thirst-quenching-melamchi-prime-minister-inaugurating-water-distribution-for-the-fifth-time-16-49.html,उद्घाटन प्यास मेटाउने मेलम्ची : पाँचौं पटक पानी वितरणको शुभारम्भ गर्दै प्रधानमन्त्री,बाढी पहिरोबाट क्षतिग्रस्त मेलम्ची मुहानको गेग्रान हटाएर २६ किमि सुरुङमार्फत् काठमाडौं पठाएको पानी चौँथोपटक सोमबार बिहान उपभोक्ताको धारमा पठाईदैछ । पानी वितरण गरेको तीन वर्ष बित्न लाग्दा पनि खानेपानी मन्त्रालयले मेलम्चीको पानी काठमाडौंका उपभोक्ताको धारामा निरन्तर रुपमा पठाउन सकेको छैन ।,समाचार
https://ekantipur.com/news/2024/01/14/journalist-tuladhar-passed-away-54-16.html,पत्रकार तुलाधरको निधन,लेखक तथा पत्रकार कमलरत्न तुलाधरको निधन भएको छ । उनको शनिबार थापाथलीस्थित नर्भिक अस्पतालमा निधन भएको हो । तुलाधर कान्तिपुर दैनिकको सहप्रकाशन ‘द काठमाडौं पोष्ट’ का पूर्व डेस्क सम्पादक समेत हुन् ।,समाचार
https://ekantipur.com/news/2024/01/14/candidates-cannot-spend-more-than-three-and-a-half-lakhs-in-the-national-assembly-elections-49-03.html,राष्ट्रिय सभा निर्वाचनमा उम्मेदवारले साढे तीन लाखभन्दा बढी खर्च गर्न नपाउने,निर्वाचन आयोगले राष्ट्रिय सभा सदस्य निर्वाचनमा उम्मेदवारको निर्वाचन खर्चको सीमा निर्धारण गरेको छ । आयोगले आगामी माघ ११ गते हुने निर्वाचनका लागि कानूनको व्यवस्थाबमोजिम खर्चको सीमा तोकेको हो । आयोगले तोकेअनुसार राष्ट्रिय सभा सदस्य निर्वाचनका उम्मेदवारहरुले अधिकतम ३ लाख ५० हजार रुपैयाँभन्दा बढी खर्च गर्न पाउने छैनन् ।,समाचार
https://ekantipur.com/news/2024/01/14/national-assembly-election-appeal-of-top-leaders-to-win-19-coalition-candidates-24-40.html,राष्ट्रिय सभा निर्वाचन : गठबन्धनका १९ उम्मेदवार जिताउन शीर्ष नेताहरुको अपिल,राष्ट्रिय सभा सदस्य निर्वाचनमा सत्तारुढ गठबन्धनका उम्मेदवारहरुलाई विजयी गराउन गठबन्धन दलका शीर्ष नेताहरुले सार्वजनिक अपिल गरेका छन् । आइतबार बिहान प्रधानमन्त्रीको सरकारी निवास बालुवाटारमा बसेको गठबन्धनको बैठकले राष्ट्रिय सभामा गठबन्धनको तर्फबाट उठाइएका उम्मेदवारहरुलाई जिताउन संयुक्त अपिल जारी गर्दै आह्वान गरेका हुन् । ,समाचार
https://ekantipur.com/news/2024/01/14/fake-son-case-investigation-started-against-satraj-for-citizenship-offence-02-38.html,नक्कली छोरा प्रकरण : सतराजविरुद्ध नागरिकता किर्ते कसूरमा अनुसन्धान सुरु,छोरा बनेर सम्पत्ति हत्याउन खोजेको अभियोगमा मुद्धा खेपिरहेका सतराज गुरुङविरुद्ध प्रहरीले नागरिकता किर्ते गरेको कसूरमा समेत अनुसन्धान थालेको छ । गुरुङविरुद्ध संगठित रुपमा सम्पत्तिको आपराधिक उपयोग र लिखत सम्बन्धी कसुरमा मुद्धा चलिरहेको छ ।उनलाई उच्च अदालत पाटनले १० लाख रुपैयाँ धरौटीमा थुनामुक्त गर्न आदेश दिएको थियो । तर प्रहरीले गुरुङलाई फेरि नियन्त्रणमा लिएर नागरिकता किर्ते कसूरमा अनुसन्धान थालेको हो ।,समाचार
https://ekantipur.com/news/2024/01/14/earthquake-debris-of-public-structures-still-not-removed-27-46.html,जाजरकोट भूकम्प : अझै हटाइएन सार्वजनिक संरचनाका भग्नावशेष,"दुई महिनाअघिको भूकम्पका कारण जाजरकोट सदरमुकाम खलंगास्थित थाप्लेका २ र पिपलडाँडाका २ वटा ऐतिहासिक दरबार भत्किए । थाप्लेका दुईवटै दरबारमा सरकारी कार्यालय, होटल र स्थानीय २० पविारको बसोबास थियो । ‘अझै पनि आफ्नो सामान निकाल्न सकिएको छैन, अस्थायी टहराको रकम पाउन पनि पुरानो भत्काउनै पर्ने प्रावधान छ,’ दरबारमा होमस्टे सञ्चालन गर्दै आएका विश्वविक्रम शाहले भने, ‘भत्काएको दारकाठ र इट्टा व्यवस्थापन गर्ने ठाउँ नहुँदा भग्नावशेष हटाउनै मुस्किल भयो ।’",समाचार
https://ekantipur.com/news/2024/01/14/vaidyakhana-which-is-closed-without-getting-a-vaidya-56-54.html,‘वैद्य’ नपाएर थलिएको वैद्यखाना,"च्यवनप्रास पकाउने तामाका भाँडा धूलोले छपक्कै छोपिएका छन् । लस्करै राखिएका ती भाँडामा अहिले खिया लाग्न थालिसकेको छ । च्यवनप्रास पकाउन प्रयोग गरिने भट्टीमा ताल्चा झुन्डिएको छ । सिलाजित बनाउने खड्कुलो अस्तव्यस्त ढंगले छोडिएको छ । झट्ट हेर्दा लाग्छ– कुनै कवाडीखाना हो । तर, होइन– यो त मुलुककै पुरानो धरोहर एवं झन्डै ४ सय वर्ष पहिले स्थापना भएको सिंहदरबार वैद्यखाना हो । राजा प्रताप मल्लका पालामा यसको स्थापना भएको थियो ।",समाचार
https://ekantipur.com/news/2024/01/14/maoist-legislative-session-from-february-1-44-00.html,माओवादी विधान अधिवेशन फागुन १ देखि,"माओवादीले पार्टीको विधान अधिवेशन फागुन १ देखि राजधानीमा गर्ने भएको छ । शान्ति प्रक्रियामा आएपछि माओवादी पुरानै नीति, पद्धति, विधिमा चलेको निष्कर्ष निकाल्दै बदलिँदो परिस्थितिअनुसार पार्टीलाई रूपान्तरण गर्न विधान अधिवेशन गर्न लागेको हो । ",समाचार
https://ekantipur.com/news/2024/01/14/transitional-justice-in-a-power-struggle-35-32.html,सत्ता दाउपेचमा संक्रमणकालीन न्याय,पीडितलाई समयमै न्याय दिनुपर्ने र शान्ति प्रक्रियालाई सम्पूर्ण रूपमा टुंग्याउनुपर्ने अभिभारालाई मुख्य तीन राजनीतिक दलका शीर्ष नेताहरूले सत्ता राजनीतिको लेनदेनमा अघि बढाउन खोज्दा संक्रमणकालीन न्याय (टीआरसी) सँग सम्बन्धित विधेयक गिजोलिँदै जान थालेको छ । संसद्बाट विधेयक पारित नहुँदा पीडितलाई न्याय दिने र टुंग्याउनुपर्ने शान्ति प्रक्रियाका बाँकी कामको सम्पूर्ण प्रक्रिया नै लामो समयदेखि अवरुद्ध भएको हो ।,समाचार
https://ekantipur.com/news/2024/01/14/the-health-system-is-becoming-sick-due-to-the-ministers-unhealthy-intervention-27-56.html,मन्त्रीको अस्वस्थ हस्तक्षेपले रुग्ण बन्दै स्वास्थ्य प्रणाली,"स्वास्थ्य तथा जनसंख्या मन्त्रालयको जिम्मेवारी सम्हालेकै दिन २१ वैशाखमा मन्त्री मोहनबहादुर बस्नेतले चार निर्णयमा सही गरे । निर्णय थिए– डेंगी नियन्त्रण गर्ने, स्वास्थ्य बिमा कार्यक्रमलाई विस्तार गर्दै व्यवस्थित, प्रभावकारी र विश्वसनीय बनाउने, प्रदेश तथा स्थानीय तहमा साधन, स्रोत, स्वास्थ्य उपकरण र सेवासुविधासहित चिकित्सकलाई अधिकतम परिचालन गर्ने र अस्पतालका साधन (औजार उपकरण) को अत्यधिक उपयोग भए, नभएको अनुगमन गरी मन्त्रीसमक्ष प्रतिवेदन पेस गर्न अनुगमन समिति गठन गर्ने ।’",समाचार
https://ekantipur.com/business/2024/01/14/economic-growth-of-32-percent-in-the-first-quarter-trade-sector-negative-13-36.html,"पहिलो त्रैमासमा ३.२ प्रतिशत आर्थिक वृद्धि, व्यापार क्षेत्र ऋणात्मक",चालु आर्थिक वर्षको पहिलो त्रैमासमा ३.२ प्रतिशतले अर्थतन्त्र विस्तार हुने प्रारम्भिक अनुमान राष्ट्रिय तथ्यांक कार्यालयले गरेको छ । कार्यालयले हालै सार्वजनिक गरेको राष्ट्रिय लेखा प्रतिवेदनले पहिलो त्रैसासमा मुलुकको आर्थिक वृद्धिदर ३.२ रहेको प्रारम्भिक अनुमान गरेको हो । ,अर्थ / वाणिज्य
https://ekantipur.com/business/2024/01/14/test-of-mid-vote-by-sending-water-03-30.html,पानी पठाएर मध्य भोटेकोशीको परीक्षण,निर्माण सुरु भएको एक दशकमा सिन्धुपाल्चोकमा निर्माणाधीन १०२ मेगावाटको मध्य भोटेकोशी जलविद्युत् आयोजनाको बाँध र सुरुङमा पानी प्रवेश गराएर शुक्रबार ‘वेट टेस्टिङ’ गरिएको छ । माघभित्र बिजुली उत्पादन गर्ने लक्ष्यसहित टेस्टिङ सुरु गरिएको बताइएको छ । ,अर्थ / वाणिज्य
https://ekantipur.com/business/2024/01/14/uml-palan-won-in-cooperative-federation-01-57.html,सहकारी महासंघमा एमाले प्यानल विजयी,राष्ट्रिय सहकारी महासंघको अध्यक्षमा ओमदेवी मल्ल निर्वाचित भएकी छन् । महासंघको ३१औं साधारणसभाले मल्ललाई निर्विरोध अध्यक्षमा चुनेको हो । ,अर्थ / वाणिज्य
https://ekantipur.com/business/2024/01/13/amend-the-policy-rules-that-hinder-investment-before-the-investment-conference-dhakal-18-38.html,लगानीमा बाधा हुने नीति नियम लगानी सम्मेलनअघि नै संशोधन गरौँ : ढकाल,नेपाल उद्योग वाणिज्य महासंघका अध्यक्ष चन्द्रप्रसाद ढकालले सरकारले आगामी लगानी सम्मेलनअघि नै लगानी गर्न बाधा पर्ने नीति नियममा संशोधन गर्न जरुरी रहेको बताएका छन् ।,अर्थ / वाणिज्य
https://ekantipur.com/business/2024/01/13/wet-testing-of-102-mw-central-bhotekoshi-begins-02-56.html,१०२ मेगावाटको मध्य भोटेकोशीको ‘वेट टेष्टिङ’ सुरु,चिलिमे जलविद्युत् कम्पनी मुख्य प्रबन्धक रहेको सिन्धुपाल्चोकमा निर्माणधीन १०२ मेगावाटको मध्य भोटेकोशी जलविद्युत् आयोजनाको बाँध र सुरुङमा पानी पठाएर ‘वेट टेष्टिङ’ सुरु गरिएको छ ।,अर्थ / वाणिज्य
https://ekantipur.com/business/2024/01/13/economic-growth-forecast-at-32-percent-in-the-first-quarter-04-54.html,पहिलो त्रैमासमा ३.२ प्रतिशत आर्थिक वृद्धिको प्रक्षेपण,चालु आर्थिक वर्षको पहिलो त्रैमासमा ३.२ प्रतिशतले अर्थतन्त्र विस्तार हुने प्रक्षेपण राष्ट्रिय तथ्यांक कार्यालयले गरेको छ । कार्यालयले हालै सार्वजनिक गरेको त्रैमासिक राष्ट्रिय लेखा प्रतिवेदनले पहिलो त्रैसासमा ३.२ प्रतिशतले आर्थिक वृद्धि हुने अनुमान गरेको हो ।,अर्थ / वाणिज्य
https://ekantipur.com/business/2024/01/13/no-payment-to-farmers-from-ddc-milk-ghee-of-28-lakhs-per-month-to-employees-35-40.html,"डीडीसीबाट किसानलाई छैन भुक्तानी, कर्मचारीलाई महिनाकै २८ लाखको दूधघिउ",किसानको करोडौं बक्यौता रोकेको दुग्ध विकास संस्थान (डीडीसी) ले कर्मचारीलाई भने मासिक करिब २८ लाखको दूध र घिउ दिने गरेको छ । निरन्तर घाटामा रहेको डीडीसीले स्टकमा रहेको पाउडर दूध र बटर बिक्री नभएको भन्दै किसानलाई साढे २ महिनाको करिब २ अर्ब रुपैयाँ भुक्तानी गरेको छैन । कर्मचारीलाई भने मासिक २७ लाख ६३ हजार ६ सय रुपैयाँ बराबरको दूध–घिउ बाँडिरहेको छ । ,अर्थ / वाणिज्य
https://ekantipur.com/business/2024/01/13/power-connection-to-industry-after-authoritys-decision-52-45.html,प्राधिकरणको निर्णयपछि उद्योगमा बिजुली जडान,"नेपाल विद्युत् प्राधिकरण सञ्चालक समितिको बैठकले काटिएका उद्योगमा बिजुली जोड्ने निर्णय गरेको छ । ऊर्जा, जलस्रोत तथा सिँचाइमन्त्री शक्तिबहादुर बस्नेतको अध्यक्षतामा शुक्रबार बसेको समितिको ९६० औं बैठकले मन्त्रिपरिषद्को निर्णयबमोजिम काटिएको विद्युत् लाइन सुरु गर्ने निर्णय गरेको हो । ",अर्थ / वाणिज्य
https://ekantipur.com/opinion/2024/01/14/clear-intervention-to-improve-public-education-20-48.html,सार्वजनिक शिक्षा सुधार्न स्पष्ट हस्तक्षेप खोइ ?,"अहिले संसद्को शिक्षासम्बन्धी समितिमा छलफलमा रहेको विद्यालय शिक्षा विधेयकको पेचिलो मुद्दाका रूपमा निजी विद्यालयहरूलाई गैरमुनाफा मोडमा लैजाने विषय उठेको छ । पक्कै हो, निजी तवरमा चलाइएका नाफामुखी विद्यालयहरूको व्यवस्थापन विद्यालय शिक्षा व्यवस्थापनको प्रमुख पाटो हो तर यति–उति वर्षमा यी विद्यालय गुठीमा लैजाँदैमा मात्र हाम्रो शिक्षा सुध्रँदैन ।",विचार
https://ekantipur.com/opinion/2024/01/14/concerns-have-been-raised-by-the-number-and-pace-of-doctor-exodus-19-17.html,डाक्टर पलायनको संख्या र गतिले बढाएको चिन्ता,"व्यावसायिक योग्यता र दक्षता भएका व्यक्तिहरूको विदेश पलायन तीव्र रूपमा बढिरहेको छ । मनग्य आम्दानी र सुरक्षित भविष्यको आकांक्षाले दिगो रूपमा उतै बस्ने गरी विदेश गइरहेकाहरूमा चिकित्सक, इन्जिनियर, प्राध्यापक, पाइलटलगायत सबैजसो पेसाका जनशक्ति छन् । दक्ष जनशक्ति बाहिरिनु भनेको उनीहरूसँगै ज्ञान र सीप पनि पलायन हुनु हो, जसका लागि राज्यले वर्षौं लगानी गरेको हुन्छ ।",विचार
https://ekantipur.com/opinion/2024/01/12/a-living-illusion-of-a-dead-monarchy-57-47.html,मृत राजतन्त्रका जीवित भ्रम,"पञ्चायतकालमा मात्रै होइन, बहुदलीय व्यवस्थाको सुरुआत भएपछि पनि गाउँ–गाउँमा सामन्तको रजगज थियो । पूर्वपञ्च, भू–सामन्त र सुदखोरले जनतामाथिको शोषण, दमन र अत्याचार कायमै राखेका थिए । ती सामन्तहरू आफूलाई स्थानीय तहको राजा वा राजाका असली प्रतिनिधि सम्झन्थे र राजाकै व्यवहार चाहन्थे । जसरी शाह–राणा खलकको निरंकुश र तानशाही शासन चल्थ्यो, त्यसैगरी चल्थ्यो गाउँघरमा पञ्च–सामन्तको गरिब, किसान, श्रमिकमारा शासन । ",विचार
https://ekantipur.com/opinion/2024/01/12/talk-on-the-one-hand-work-on-the-other-00-08.html,"कुरा एकातिर, काम अर्कातिर","प्रधानमन्त्री पुष्पकमल दाहालले पुस १० गते राष्ट्रका नाममा सम्बोधन गर्दै विकास र सुशासनका लागि यथास्थितिलाई तोडेर नयाँ कार्य योजनासहित अघि बढ्ने संकल्प गरेका थिए । विश्वविद्यालयहरूमा दलीय भागबन्डाको अन्त गर्ने, अक्षम राजदूत तथा मन्त्रीहरूलाई हटाउने र आफ्नो कार्यशैली परिवर्तन गरी अत्यावश्यक र अपरिहार्य कार्यक्रमबाहेक अन्यत्र सहभागी नहुने प्रतिबद्धता पनि जनाएका थिए ।",विचार
https://ekantipur.com/opinion/2024/01/12/prithvi-narayans-speech-on-security-concerns-04-15.html,सुरक्षा चासोमा पृथ्वीनारायणको उक्ति,"ऐतिहासिक कालदेखि नेपालले अपनाउँदै आइरहेको सुरक्षा रणनीतिबारे चर्चा पर्दा पृथ्वीनारायण शाहको नाम छुटाउन मिल्दैन । सुरक्षा चासो सम्बन्धमा उनको उक्ति थियो, ‘सन्धिसर्पन हेरी गढी तुल्याई राख्नु र रस्ता–रस्तामा भाँजा हाली राख्नु । जाइ कटक नगर्नु, झिकी कटक गर्नु र श्रीगंगाजीको साँध पनि लाग्नेछ ।’",विचार
https://ekantipur.com/opinion/2024/01/12/where-is-the-meeting-point-of-the-kerung-raxaul-railway-02-25.html,केरुङ-रक्सौल रेलमार्गको मिलनबिन्दु कहाँ ?,"काठमाडौं–केरुङ रेलमार्गको अन्तिम बिन्दु काभ्रेस्थली हुने रेल विभागको भनाइ कान्तिपुर दैनिकमा पढेपछि ममा आक्रोश उब्जियो । यो नेपाल सरकारको चरम लापरबाही हो । केरुङबाट प्रवेश गर्ने रेलमार्गको अन्तिम बिन्दु काभ्रेस्थली र रक्सौलबाट काठमाडौं उपत्यका प्रवेश गर्ने रेलमार्गको अन्तिम बिन्दु खोकना हुने भनिएको छ । यी दुई दिशाबाट उपत्यका प्रवेश गर्ने रेलमार्गको मिलनबिन्दु कहाँ कुन ठाउँमा हुने हो, कतै उल्लेख छैन । ",विचार
https://ekantipur.com/opinion/2024/01/12/hypocrites-and-tyrants-have-no-religion-and-no-community-42-13.html,ढोंगी र अत्याचारीको कुनै धर्म र समुदाय हुँदैन,"विवादै विवादको हाम्रो समाजमा अर्का पात्र फेरि विवादमा छन्– तपस्वी भनेर चिनिएका रामबहादुर बम्जन । धार्मिक आस्थाका रूपमा अनुयायी बनाएर यौन हिंसा गरेको, ज्यान मारेको र मान्छे बेपत्ता बनाएको लगायत आरोपमा प्रहरीले खोजबिन सुरु गरेपछि चार वर्षदेखि फरार रहेका बम्जन मंगलबार पक्राउ परेका छन् भने बिहीबार उनलाई अदालतमा पेस गरिएको छ । संसारका सबै धर्मको मूल उद्देश्य मान्छे–मान्छेबीच स्नेह, सद्भाव र सम्मान बढाउनु हो ।",विचार
https://ekantipur.com/sports/2024/01/15/tottenhams-comeback-draw-against-united-53-18.html,युनाइटेडविरुद्ध टोटनहमको पुनरागमन बराबरी,टोटनहमले दुई पल्ट पुनरागमन रचेपछि म्यानचेस्टर युनाइटेडले इंग्लिस प्रिमियर लिगमा आइतबार रोमाञ्चक २–२ को बराबरी खेलेको छ । ओल्ड ट्रायफोर्डमा युनाइटेडले दुई पल्ट अग्रता लिए पनि त्यसलाई कायम राख्न सकेन ।,खेलकुद
https://ekantipur.com/sports/2024/01/15/easy-victory-for-iran-over-palestine-45-49.html,प्यालेस्टाइनमाथि इरानको सजिलो जित,उपाधिको बलियो दाबेदार रहेको इरानले एसियन कपमा आइतबार प्यालेस्टानमाथि ४–१ को सजिलो जित निकालेको छ । यो जितपछि इरान समूह ‘सी’ को शीर्षमा रह्यो ।,खेलकुद
https://ekantipur.com/sports/2024/01/15/egypt-draw-with-mozambique-41-09.html,मोजाम्बिकसँग इजिप्टको बराबरी,मोहमद सलाहले इन्ज्युरी समयमा गरेको गोलको मद्दतले इजिप्टले अफ्रिका कप अफ नेसन्समा आइतबार मोजाम्बिकलाई २–२ को बराबरीमा रोकेको छ । उपाधिको बलियो दाबेदार इजिप्ट विजयी सुरुआत लिन असफल रह्यो ।,खेलकुद
https://ekantipur.com/sports/2024/01/15/real-beat-barcelona-to-become-super-cup-champions-23-49.html,बार्सिलोनालाई हराउँदै रियल सुपरकप च्याम्पियन,भिनिसियस जुनियरको ह्याट्रिकको मद्दतले रियल म्याड्रिडले आइतबार बार्सिलोनालाई फाइनलमा ४–१ ले हराउँदै स्पेनी सुपरकपको उपाधि जितेको छ । साउदी अरेबियामा भएको खेलमा जुनियरले आफ्नो खेल जीवनको पहिलो ह्याट्रिक गरे ।,खेलकुद
https://ekantipur.com/sports/2024/01/15/sandeeps-century-is-a-relief-for-apf-21-42.html,सन्दीपको शतकले एपीएफलाई राहत,प्रधानमन्त्री कप राष्ट्रिय क्रिकेट प्रतियोगितामा शतक बनाउनेक्रमले लगातार दोस्रो दिन पनि निरन्तरता पाएको छ । सन्दीप जोराको शतकमा नेपाल एपीएफ क्लबले आइतबार वाग्मती प्रदेशलाई ८९ रनले पराजित गर्‍यो । शनिबार मात्र नेपाल पुलिस क्लबका रशिद खानले अविजित १ सय ६ रन बनाएका थिए । ,खेलकुद
https://ekantipur.com/sports/2024/01/15/prime-ministers-cup-cricket-three-matches-will-be-played-today-18-05.html,प्रधानमन्त्री कप क्रिकेट : आज तीन खेल हुने,प्रधानमन्त्री कप राष्ट्रिय क्रिकेट प्रतियोगिताअन्तर्गत आज तीनवटा खेल हुने छन् । मधेस प्रदेश र त्रिभुवन आर्मी क्लबबीचको खेल कीर्तिपुरस्थित त्रिभुवन विश्वविद्यालयको क्रिकेट मैदानमा अहिले बिहान ९: १५ बजे सुरु हुने छ । अर्को खेल काठकाडौँको मुलपानी क्रिकेट मैदानमा एपिएफ क्लब र कोशी प्रदेशबीच बिहान ९ : १५ बजे सुरु हुने छ ।,खेलकुद
https://ekantipur.com/sports/2024/01/14/asian-cup-japan-wins-in-six-goal-thriller-44-41.html,एसियन कप : छ गोलको रोमाञ्चक खेलमा जापान विजयी,जापानले एसियन कप २०२३ मा आइतबार विजयी सुरुआत लिएको छ । समूह ‘डी’ को खेलमा जापानले भियतनामलाई छ गोलको रोमाञ्चक खेलमा ४–२ ले पराजित गरेको हो । यो जितसँगै जापान ३ अंक जोड्न सफल रह्यो ।,खेलकुद
https://ekantipur.com/sports/2024/01/14/4th-tiger-cup-from-monday-09-34.html,चौँथो टाइगर कप सोमबारदेखि,दुई विदेशी क्लबसहितको सहभागितामा सोमबारदेखि पोखरामा चौँथो टाइगर कप राष्ट्रिय तथा अन्तर्राष्ट्रिय आमन्त्रित खुल्ला क्लब च्याम्पियनसिप महिला तथा पुरुष भलिबल प्रतियोगिता सुरु हुँदैछ । टाइगर ग्रुप अफ पोखराको आयोजनामा पोखरा रंगशाला भलिबल ट्रेनिङ सेन्टरमा हुने प्रतियोगिता माघ ६ सम्म चल्ने छ ।,खेलकुद
https://ekantipur.com/sports/2024/01/14/kp-oli-cup-on-kantipur-television-28-18.html,केपी ओली कप कान्तिपुर टेलिभिजनमा,दोस्रो केपी ओली कप फुटबल प्रतियोगिता कान्तिपुर टेलिभिजनले प्रत्यक्ष प्रसारण गर्ने भएको छ ।,खेलकुद
https://ekantipur.com/sports/2024/01/14/chitwan-champion-in-hemant-pradhan-memorial-volleyball-cup-23-37.html,हेमन्त प्रधान स्मृति भलिबल कपमा चितवन च्याम्पियन,"हेमन्त प्रधान स्मृति कप भलिबलको उपाधि चितवनले हात पारेको छ। दोलखाको जिरीमा आइतबार सम्पन्न बागमती प्रदेशस्तरीय भलिबल कपको उपाधि भीडन्तमा रामेछापलाई हराउँदै चितवन च्याम्पियन बनेको हो । पुस २६ गतेदेखि सुरु भएको प्रतियोगिताको उपाधि विजेता चितवनले नगद दुई लाखसहित शिल्ड, मेडल र प्रमाणपत्र प्राप्त गरेको छ।",खेलकुद
https://ekantipur.com/sports/2024/01/14/tinpokhri-cup-apf-and-sheetalpati-club-will-meet-in-the-final-50-28.html,तीनपोखरी कप : फाइनलमा एपीएफ र शीतलपाटी क्लब भिड्ने,एपीएफ कोशी प्रदेश फुटबल टिम संखुवासभाको खाँदबारीमा जारी तीनपोखरी कप फुटबल प्रतियोगिताको फाइनल प्रवेश गरेको छ । ,खेलकुद
https://ekantipur.com/sports/2024/01/14/prime-ministers-cup-karnali-won-sundays-match-38-14.html,प्रधानमन्त्री कप : आइतबारको खेलमा कर्णाली विजयी,रुपन्देहीमा जारी प्रधानमन्त्री कप पुरुष क्रिकेट प्रतियोगिताअन्तर्गत आइतबार भएको दोस्रो खेलमा कर्णाली प्रदेश विजयी भएको छ । ,खेलकुद
https://ekantipur.com/sports/2024/01/14/inters-position-strengthened-13-09.html,इन्टरको स्थिति अझ मजबुत,इन्टर मिलानले इटालीको सिरी ए मा आफ्नो स्थिति अझ मजबुत बनाउने क्रममा शनिबार मोन्जालाई ५–१ ले हराएको छ । यससँगै शीर्ष स्थानमा इन्टरले पाँच अंकको ठोस अग्रता पनि लिएको छ ।,खेलकुद
https://ekantipur.com/sports/2024/01/14/city-are-two-points-off-the-top-09-38.html,सिटी शीर्षबाट दुई अंकको दूरीमा,ओस्कार बबले दोस्रो हाफको इन्ज्युरी समयमा गरेको गोलको मद्दतले म्यानचेस्टर सिटीले इंग्लिस प्रिमियर लिगमा न्युकासल युनाइटेडलाई ३–२ ले हराएको छ । सेन्ट जेम्स पार्कमा प्राप्त यस जितसँगै सिटी लिगको शीर्षमा रहेको लिभरपुलसँगको दूरी दुई अंकमा छोट्याउन सफल रह्यो ।,खेलकुद
https://ekantipur.com/sports/2024/01/14/africa-cup-of-nations-2023-winning-start-for-hosts-ivory-coast-02-12.html,अफ्रिका कप अफ नेसन्स २०२३ : आयोजक आइभरीकोस्टको विजयी सुरुआत,सेको फोफानाले सुरुमै गरेको उत्कृष्ट गोलको मद्दतले आइभरीकोस्टले अफ्रिका कप अफ नेसन्समा शनिबार गिनी–बिसाउलाई २–० ले पराजित गर्दै विजयी सुरुआत लिएको छ । यससँगै उसले तीन अंक बटुलेको छ ।,खेलकुद
https://ekantipur.com/sports/2024/01/14/asian-cup-2023-uzbekistan-and-syria-tie-50-07.html,एसियन कप २०२३ : उज्वेकिस्तान र सिरियाको बराबरी,एसियन कप २०२३ को समूह ‘बी’ मा शनिबार उज्वेकिस्तान र सिरियाले गोलरहित बराबरी खेलेका छन् । यस नतिजासँगै उनीहरूले एक एक अंक जोडेका छन् ।,खेलकुद
https://ekantipur.com/national/2024/01/12/melamchi-water-tunnel-41-39.html,मेलम्चीको पानी सुरुङमा,बाढीपहिरोका कारण सात महिनादेखि बन्द सुरुङमा मेलम्ची खोलाको पानी प्रवेश गराइएको छ । प्राविधिकका अनुसार सुरुङ भरिएर सुन्दरीजलस्थित प्रशोधन केन्द्रमा पानी झर्न कम्तीमा चार दिन लाग्छ । माघ १ गतेसम्म काठमाडौंवासीको धारामा पानी पुर्‍याउने लक्ष्य राखिएको मेलम्ची आयोजनाले जनाएको छ । ,उपत्यका
https://ekantipur.com/national/2024/01/11/tharu-community-will-celebrate-maghi-festival-for-2-days-in-tundikhel-55-54.html,थारु समुदायले टुँडीखेलमा २ दिन माघी महोत्सव मनाउने,"थारु समुदायले पुस २९ गते र माघ १ गते काठमाडौंको टुँडीखेलमा माघी महोत्सव मनाउने भएको छ ।काठमाडौंमा बिहीबार पत्रकार सम्मेलन गर्दै टुँडीखेलमा दुई दिन माघी महोत्सव मनाउन लागिएको थारू राष्ट्रिय माघी महोत्सव, मूल आयोजक समितिका संयोजक प्रेमिलाल चौधरीले जानकारी दिए ।",उपत्यका
https://ekantipur.com/national/2024/01/11/eight-people-arrested-with-illegal-drugs-34-32.html,अवैध लागूऔषधसहित आठ जना पक्राउ,शंखरापुर नगरपालिका–३ घट्टेडाँडाबाट अवैध लागूऔषध गाँजा करिब २६ किलोसहित सोही ठाउँ बस्ने चन्द्रबहादुर लामा समेत छ जनालाई बुधबार दिउँसो प्रहरीले पक्राउ गरेको छ । प्रहरी प्रभाग साँखुबाट खटिएको प्रहरीले लामाको टहरो तलासी गर्दा उक्त गाँजा फेला पारी उनीहरूलाई पक्राउ गरेको हो । ,उपत्यका
https://ekantipur.com/national/2024/01/11/three-people-arrested-for-playing-online-casino-games-34-06.html,‘अनलाइन क्यासिनो गेम’ खेलाउने तीन जना पक्राउ,"क्यास एप, मिल्कि वे जस्ता एप्लिकेसन मार्फत् हारजीत हुनेगरी ‘अनलाइन क्यासिनो गेम’ खेलाएको अभियोगमा तीन जनालाई मंगलबार प्रहरीले पक्राउ गरेको छ ।",उपत्यका
https://ekantipur.com/national/2024/01/10/agreement-between-lalitpur-mahanagara-and-patan-hospital-for-health-insurance-program-33-00.html,स्वास्थ्य बीमा कार्यक्रमका लागि ललितपुर महानगर र पाटन अस्पतालबीच सहमति,ललितपुर महानगरपालिकाले स्वास्थ्य बीमा कार्यक्रम मार्फत गुणस्तरीय स्वास्थ्य सेवा प्रदान गर्न प्राविधिक सहयोगका लागि पाटन अस्पतालसँगको सहकार्य अघि बढाएको छ । स्वास्थ्य बीमा कार्यक्रम मार्फत् बीमितहरुले अब्बल स्वास्थ्य सेवा प्राप्त गरुन् भन्ने उद्देश्यले महानगरपालिकाले पाटन अस्पतालसँग सहकार्य गरेको मेयर चिरीबाबु महर्जनले बताए ।,उपत्यका
https://ekantipur.com/national/2024/01/09/cooperative-operator-arrested-for-embezzling-more-than-1-billion-rupees-from-savers-48-29.html,बचतकर्ताको १ अर्ब रुपैयाँभन्दा बढी हिनामिना गर्ने सहकारी सञ्चालक पक्राउ,बचतकर्ताको बचत फिर्ता नगर्ने गोकर्णेश्वर नगरपालिका–८ अत्तरखेलमा सञ्चालित कान्तिभैरव बचत तथा ऋण सहकारी संस्था लिमिटेडका सञ्चालक र कर्मचारी पक्राउ परेका छन् ।,उपत्यका
https://ekantipur.com/national/2024/01/08/the-president-who-fled-after-embezzling-more-than-12-million-rupees-from-the-cooperative-was-arrested-28-48.html,सहकारीको १२ करोड रुपैयाँभन्दा बढी हिनामिना गरी भागेका अध्यक्ष पक्राउ,काठमाडौंमा रहेको एक सहकारीका अध्यक्ष पक्राउ परेका छन् । काठमाडौंको तीनकुनेस्थित केन्द्रीय कार्यालय रहेको रियल गोर्खा बचत तथा ऋण सहकारी का अध्यक्ष हर्कबहादुर कठायत र सदस्य विनोदकुमार ओझालाई प्रहरीको केन्द्रीय अनुसन्धान ब्युरो(सीआईबी) को टोलीले गत बुधबार पक्राउ गरेको हो । ,उपत्यका
https://ekantipur.com/national/2024/01/06/establishment-of-yak-chaunri-farmers-federation-of-nepal-10-52.html,याक चौंरी कृषक महासंघ नेपालको स्थापना,"याक, नाक तथा चौंरी पालन संस्कृतिलाई संरक्षण, पुस्तान्तरण तथा पर्यटन प्रवर्द्धन गर्ने उद्देश्यले स्थापना गरिएको ‘याक चौंरी कृषक महासंघ नेपाल’ को उद्घाटन गरिएको छ ।",उपत्यका
https://ekantipur.com/national/2024/01/05/the-ministry-of-home-affairs-is-the-chief-district-of-lalitpur-49-17.html,ललितपुरको प्रजिअमा श्रेष्ठ र प्रहरी प्रमुखमा खनाललाई जिम्मेवारी,गृह मन्त्रालयले ललितपुरको प्रमुख जिल्ला अधिकारीमा तुलसीबहादुर श्रेष्ठ र जिल्ला प्रहरी कार्यालयको प्रमुखमा एसएसपी शेखर खनाललाई खटाएको छ । ,उपत्यका
https://ekantipur.com/national/2024/01/05/after-the-balkumari-incident-the-lalitpur-district-administration-and-the-police-on-behalf-of-56-54.html,बालकुमारी घटनापछि ललितपुर जिल्ला प्रशासन र प्रहरी निमित्तको भरमा,रोजगार अनुमति प्रणाली (इपीएस) अन्तर्गत भाषा परीक्षा उत्तीर्ण गरेर कोरिया जान तयारी गरिरहेका २ जना युवाको ज्यान जाने गरी भएको बालकुमारी घटना प्रकरणमा ललितपुरका प्रमुख जिल्ला अधिकारी (प्रजिअ) रुद्रप्रसाद पण्डित र जिल्ला प्रहरी प्रमुख एसएसपी सिद्धिबिक्रम शाह क्रमशः गृह मन्त्रालय र प्रहरी प्रधान कार्यालय फिर्ता भइसकेका छन् ।,उपत्यका
https://ekantipur.com/national/2024/01/05/the-decision-of-the-mayors-forum-to-entrust-the-waste-management-work-of-kathmandu-valley-to-the-government-20-07.html,काठमाडौं उपत्यकाको फोहोर व्यवस्थापन कार्य सरकारलाई जिम्मा लगाउने मेयर्स फोरमको निर्णय,काठमाडौं उपत्यका मेयर्स फोरमको छैटौं बैठकले काठमाडौं उपत्यकाको फोहोर व्यवस्थापनको कार्य नेपाल सरकारलाई नै जिम्मा लगाउने निर्णय गरेको छ । ,उपत्यका
https://ekantipur.com/national/2024/01/05/inauguration-of-new-building-of-university-central-library-10-07.html,त्रिवि केन्द्रीय पुस्तकालयको नयाँ भवन उद्घाटन,"त्रिभुवन विश्वविद्यालय, केन्द्रीय पुस्तकालयको नव निर्मित भवनको आज उद्घाटन गरिएको छ । नेपाल भ्रमणमा रहेका भारतीय विदेशमन्त्री एस जयशंकरले त्रिवि परिसरमा आयोजित कार्यक्रमका नयाँ भवनको शुभारम्भ गरेका हुन् ।",उपत्यका
https://ekantipur.com/entertainment/2024/01/15/a-life-lived-by-two-hundred-in-dhorpatan-09-42.html,ढोरपाटन - दुई सौताले बाँचिरहेको जीवन!,'ढोरपाटन'मा एउटा दृश्य छ । दुई पाठी एकअर्कासँग सिङ जुधाइरहन्छन् । सिङ जोतिँदाको घस्रन घन बज्रेझैं सुनिन्छ । यो दृश्य केही बेरसम्म पर्दामा चलिरहन्छ । राजन कठेत र सुनिर पाण्डे निर्देशित ७९ मिनेट लामो डकुमेन्ट्रीको यो दृश्य रतिमा र कालिमाको प्रतिबिम्व हो । पाठीहरू एकै ठाउँमा बाँधिएका छन् ।,मनोरञ्जन
https://ekantipur.com/entertainment/2024/01/14/my-comrade-on-youtube-48-11.html,युट्युबमा 'म कमरेड',विभिन्न अन्तर्राष्ट्रिय बजार घुमेको लघु फिल्म 'म कमरेड' प्रदर्शन भएको छ । निर्मल पौडेल निर्देशित यो फिल्म युट्युबमार्फत् प्रदर्शनमा आएको हो ।,मनोरञ्जन
https://ekantipur.com/entertainment/2024/01/14/the-grand-comeback-of-kandara-46-52.html,‘कन्दरा’ को सानदार पुनरागमन,कोठामै स्टुडियो बनाएर रेकर्ड गरिएका गीतबाट कैयौं नवप्रतिभा जन्मिएका छन् । कलाकारको प्रस्तुति डिजिटल माध्यमबाट सहजै हेर्न सकिने अवस्था छ । ‘लाइभ कन्सर्ट’ मा दर्शकको अभाव हुने आशंकाकै बीच तीन दशक पुरानो ब्यान्ड ‘कन्दरा’ शुक्रबार पोखरामा गुञ्जियो । पोखराबाट उदाएको यो लोक पप ब्यान्डले हजारौं दर्शकबीच गृह नगरबाट सानदार पुरागमन गर्‍यो ।,मनोरञ्जन
https://ekantipur.com/entertainment/2024/01/12/censorship-should-be-removed-from-the-program-of-the-censorboard-52-06.html,सेन्सरबोर्डको कार्यक्रममै सेन्सरसिप हट्नुपर्ने आवाज,चलचित्र विकास बोर्डका पूर्व अध्यक्ष एवं निर्देशक दयाराम दाहाल सिर्जनामाथिको सेन्सरसिप हटाउनुपर्ने धारणा राख्छन् । संचार तथा सुचना मन्त्रालय र केन्द्रिय चलचित्र जाँचपास समितिले सेन्सरसिपमाथि आयोजना गरेको छलफल कार्यक्रममा विश्वभरबाट सेन्सरसिपको अवधारणा हट्दै गएको हुँदा नेपालबाट पनि हट्नुपर्ने दाहालले बताए । ,मनोरञ्जन
https://ekantipur.com/entertainment/2024/01/12/12-durvasa-play-staged-in-pokhara-02-27.html,पोखरामा ‘१२ दुर्वासा’ नाटक मञ्चन,पोखरा थिएटरको गन्धर्व नाटकघरमा बिहीबारदेखि ‘१२ दुर्वासा’ नाटक मञ्चन सुरु भएको छ । अमेरिकी नाटककार रेग्नाल्ड रोजद्वारा लिखित उक्त नाटकको नेपाली अनुवाद सुरेश सापकोटाले गरेका हुन् । पोखरा थिएटरका अध्यक्ष परिवर्तनको निर्देशनमा तयार पारिएको नाटकमा उनीसहित १३ कलाकारले अभिनय गरेका छन् । ,मनोरञ्जन
https://ekantipur.com/entertainment/2024/01/12/kandara-in-pokhara-on-friday-00-14.html,शुक्रबार पोखरामा घन्किँदै ‘कन्दरा’,"‘हङकङ पोखरा...’, ‘तिमी पारि त्यो गाउँ...’, ‘तगारोमा रुमाल राखी...’ लगायत चर्चित गीतका साथ पोखरेली ब्यान्ड ‘कन्दरा’ शुक्रबार गृह नगरमा घन्किँदै छ ।",मनोरञ्जन
https://ekantipur.com/entertainment/2024/01/10/the-way-the-village-came-is-a-choice-in-gothenburg-27-02.html,'गाउँ आएको बाटो' गोटेन्बर्गमा छनौट,प्रतिक्षित फिल्म 'गाउँ आएको बाटो' स्वीडेनको गोटेन्बर्ग फिल्म फेस्टिभलमा छनौट भएको छ । यसअघि टोरोन्टोमा वर्ल्ड प्रिमियर भएको यो फिल्मले घरेलु प्रदर्शनको तयारी थाल्दै गर्दा गोटेन्बर्गको खबर सुनाएको हो । ,मनोरञ्जन
https://ekantipur.com/entertainment/2024/01/10/170487462175449044.html,'ढोरपाटन' पुष २७ देखि हलमा,राजन कठेत र सुनिर पाण्डे निर्देशित डकुमेन्ट्री 'ढोरपाटन' पुष २७ देखि नेपाल प्रदर्शनमा आउने भएको छ । नेपालमा डकुमेन्ट्री हेर्ने दर्शक बढाउन र त्यस किसिमको माहोल बनाउन सुन्धाराको सिटिसी मलमा अवस्थित सिडिसी सिनेमाजमा एक हप्ता डकुमेन्ट्री प्रदर्शन गर्ने तयारी रहेको निर्देशक पाण्डेले जनाए ।,मनोरञ्जन
https://ekantipur.com/entertainment/2024/01/08/that-rebel-woman-from-pagala-ghoda-42-08.html,'पगला घोडा'का ती विद्रोही महिला,"चितामा जलिरहेको एउटा लास, सुनसान घाट अनि छेउमा तास । भारतका चर्चित रंगकर्मी बादल सरकारले सन् १९६७ मै यो सेटिङमा नाटक 'पगला घोडा' कल्पे, लेखे ।",मनोरञ्जन
https://ekantipur.com/entertainment/2024/01/08/lily-the-first-indigenous-actress-to-win-a-golden-globe-01-54.html,गोल्डेन ग्लोब जित्ने पहिलो आदिवासी अभिनेत्री लिली,'किलर्स अफ फ्लावर मुन' अभिनेत्री लिली ग्ल्याडस्टोनले गोल्डेन ग्लोबमा उत्कृष्ट अभिनेत्री बन्दै यो अवार्ड जित्ने पहिलो आदिवासी महिलाको इतिहास रचेकी छिन् । मोसन पिक्चर- ड्रामा विधातर्फ उनी उत्कृष्ट अभिनेत्री घोषणा भएकी हुन् । ,मनोरञ्जन
https://ekantipur.com/world/2024/01/15/crack-in-india-maldives-relations-muijju-red-carpet-in-china-57-00.html,"भारत–माल्दिभ्स सम्बन्धमा दरार, मुइज्जुलाई चीनमा 'रेड कार्पेट'","चीन भ्रमणबाट फर्किएपछि माल्दिभ्सका राष्ट्रपति मोहम्मद मुइज्जुले सानो देश भएकै कारण आफूहरूलाई कसैले धम्क्याउने हक नराख्न कडा प्रतिक्रिया दिएका छन् । उनको अभिव्यक्ति भारतलक्षित रहेको विश्लेषण गरिएको छ । ‘देश सानो हुन सक्छ । यसको मतलब यो होइन कि हामीलाई धम्क्याउने लाइसेन्स कसैले पाएको छ,’ देश फर्किएपछि मिडियासँग कुरा गर्दै उनले भनेका छन्, ‘हामी स्वतन्त्र र सम्प्रभु राष्ट्र हौं ।’ तर उनले आफ्नो पछिल्लो अभिव्यक्तिमा भने कुनै पनि देशको नाम लिएका छैनन् । ",विश्व
https://ekantipur.com/world/2024/01/14/on-this-day-in-2011-the-tunisian-president-fled-after-the-revolution-48-31.html,सन् २०११ मा आजकै दिन : क्रान्तिपछि भागे ट्युनिसियाका राष्ट्रपति,सन् २००१ मा आजकै दिन (जनवरी १४) मा ट्युनिसियाका राष्ट्रपति जिने अल–अबिदिने बेन अली भागेर साउदी अरब पुगेका थिए । ट्युनिसियामा ‘जस्मिन क्रान्ति’ चर्केसँगै उनी भाग्न बाध्य भएका थिए ।,विश्व
https://ekantipur.com/world/2024/01/13/maoists-used-slogans-of-new-nepal-in-rhetoric-professor-sd-muni-49-04.html,माओवादीले नयाँ नेपालको नारालाई वाग्मतीमा बगाए : प्राध्यापक एसडी मुनी,नेपालको शान्ति प्रक्रियामा सघाएका भारतीय प्रध्यापक एसडी मुनिले माओवादीले जगाएको आशा अनुरुपको काम गर्न नसकेको बताएका छन् । उनले ‘नयाँ नेपाल’ को नारा दिएको माओवादीले त्यसलाई वाग्मतीमा बगाएको टिप्पणी गरे। ,विश्व
https://ekantipur.com/world/2024/01/13/on-this-day-in-1941-writer-james-joyce-dies-37-17.html,सन् १९४१ मा आजकै दिन : साहित्यकार जेम्स जोएसको निधन,सन् १९४१ मा आजकै दिन (जनवरी १३) मा प्रसिद्ध साहित्यकार जेम्स जोएसको निधन भएको थियो । आयरल्यान्डका महान् लेखकका रूपमा परिचित जोएसको स्विट्जरल्यान्डको जुरिचमा ५८ वर्षको उमेरमा निधन भएको थियो ।,विश्व
https://ekantipur.com/world/2024/01/12/on-this-day-in-2010-a-devastating-earthquake-in-haiti-24-15.html,सन् २०१० मा आजकै दिन : हाइटीमा विनाशकारी भूकम्प,सन् २०१० मा आजकै दिन (जनवरी १२) मा  हाइटीमा विनाशकारी भूकम्प गएको थियो । ७ म्याग्निच्युडको उक्त भूकम्पमा राजधानी पोर्ट ओ प्रिन्स ध्वस्त मात्र भएन हजारौँको ज्यानसमेत गयो ।,विश्व
https://ekantipur.com/world/2024/01/12/apple-and-microsoft-compete-to-become-the-worlds-most-valuable-company-59-07.html,विश्वको सबैभन्दा मूल्यवान कम्पनी बन्न एप्पल र माइक्रोसफ्टबीच प्रतिस्पर्धा,सन् २०२१ यता पहिलोपटक बिहीबारको सेयर बजार कारोबारका क्रममा एप्पललाई पछि पार्दै माइक्रोसफ्ट विश्वको सबैभन्दा मूल्यवान कम्पनी बन्न सफल भयो । २०२४ सुरु भएदेखि नै एप्पलको सेयर निरन्तर खस्किने क्रम जारी छ भने माइक्रोसफ्टले आफ्नो अवस्था निरन्तर सुधार गर्दै लगेको छ ।,विश्व
https://ekantipur.com/world/2024/01/12/10-dead-in-mass-violence-in-ecuador-58-58.html,इक्वेडरमा सामूहिक हिंसामा १० जनाको मृत्यु,इक्वेडरमा सामूहिक हिंसामा परी १० जनाको मृत्यु भएको छ । इक्वेडरको राजधानी क्विटोको उत्तरी भगमा मुख्य सडकमा हिंसा भएको थियो । मुख छोपेका बन्दुकधारीले सर्वसाधारणहरुमाथि गोली प्रहार गरेका थिए ।,विश्व
https://ekantipur.com/world/2024/01/12/explosion-in-kabul-2-killed-12-injured-55-13.html,"काबुलमा विस्फोट : २ जनाको मृत्यु, १२ घाइते",अफगानिस्तानको राजधानी काबुलको पश्चिमी किनारमा रहेको दश्त–ए–बर्ची क्षेत्रमा बिहीबार भएको बिस्फोटमा दुई जनाको मृत्यु हुनुका साथै अन्य १२ जना घाइते भएको काबुलका प्रहरी प्रवक्ता खालिद जाद्रानले बताएका छन् ।,विश्व
https://ekantipur.com/world/2024/01/12/64-magnitude-earthquake-in-afghanistan-48-21.html,अफगानिस्तानमा ६.४ म्याग्निच्युडको भूकम्प,उत्तरी अफगानिस्तानमा ६.४ म्याग्निच्युडको भूकम्प गएको छ । भूकम्पबाट कुनैपनि मानवीय क्षति नभएको बताइएको छ । उत्तरी बदख्शान प्रान्तको जुर्म जिल्लामा केन्द्रबिन्दु भएर भूकम्प गएको हो ।,विश्व
https://ekantipur.com/Education/2024/01/14/1436-students-participated-in-regional-program-of-economics-olympiad-02-22.html,इकोनोमिक्स ओलम्पियाडको क्षेत्रीय कार्यक्रममा १४ सय ३६ विद्यार्थी सहभागी,"पाँचौ नेपाल इकोनोमिक्स ओलम्पियाड, २०२४ मा देशभरका १ हजार ४ सय ३६ विद्यार्थी सहभागी भएका छन् ।",शिक्षा
https://ekantipur.com/Education/2024/01/14/pushed-again-in-hisan-morang-01-19.html,हिसान मोरङमा पुनः ढकाल,उच्च शिक्षा तथा माध्यामिक विद्यालय संघ (हिसान) मोरङको अध्यक्षमा अमित ढकाल पुनः सर्वसम्मतले चुनिएका छन् । संघको सातौं जिल्ला अधिवेशनले ढकालसहित कार्यसमिति सदस्य सर्वसम्मतले चुनेको हो ।,शिक्षा
https://ekantipur.com/Education/2024/01/11/the-state-discriminates-against-the-madhes-03-08.html,राज्यले नै मधेसलाई विभेद गर्छ,मधेसबाट उदाएको राष्ट्रिय जनमत पार्टीका अध्यक्ष सीके राउत प्रतिनिधिसभा सांसद हुन् । क्याम्ब्रिज विश्वविद्यालयबाट उच्चशिक्षा पूरा गरेर अमेरिकामा काम गर्दै आएका उनी स्वेदश फर्केर पार्टी स्थापना गर्दै मूलधारको राजनीतिमा आएका हुन् ।,शिक्षा
https://ekantipur.com/Education/2024/01/11/board-request-not-to-cancel-see-of-class-10th-57-54.html,कक्षा १० को एसईई खारेज नगर्न बोर्डको आग्रह,"राष्ट्रिय परीक्षा बोर्डले साविकको माध्यमिक शिक्षा परीक्षा, कक्षा १० (एसईई) लाई कायमै राख्न प्रतिनिधिसभाको शिक्षा स्वास्थ्य तथा सूचना प्रविधि समितिसमक्ष आग्रह गरेको छ ।",शिक्षा
https://ekantipur.com/Education/2024/01/11/lack-of-people-studying-in-mother-tongue-curriculum-development-centre-45-47.html,मातृभाषामा पढ्नेहरुको कमी देखियो : पाठ्यक्रम विकास केन्द्र,"पाठ्यक्रम विकास केन्द्रले विद्यालय तहमा मातृभाषामा पढ्नेहरुको संख्यामा कमी देखिएको बताएको छ । बिहीबार प्रतिनिधिसभा अन्तर्गतको शिक्षा, स्वास्थ्य तथा सूचना प्रविधि समिति बैठकमा बोल्दै पाठ्यक्रम विकास केन्द्रका महानिर्देशक वैकुण्ठप्रसाद अर्यालले मातृभाषाको पाठ्यक्रम पढ्नेहरुको संख्या कम रहेको बताएका हुन् ।",शिक्षा
https://ekantipur.com/Education/2024/01/09/private-schools-should-be-taken-to-guthi-04-20.html,निजी विद्यालयलाई गुठीमा लैजानैपर्छ,राष्ट्रिय स्वतन्त्र पार्टीका सांसद शिशिर खनाल पूर्वशिक्षामन्त्रीसमेत हुन् । पार्टीमा संगठित हुनुअघि सार्वजनिक शिक्षा सुधारमा सक्रिय उनी प्रतिनिधिसभा निर्वाचनमा काठमाडौं क्षेत्र नम्बर ६ बाट निर्वाचित भएका थिए ।,शिक्षा
https://ekantipur.com/Education/2024/01/08/making-professors-and-teachers-party-representatives-is-a-wrong-practice-30-52.html,'प्राध्यापक–शिक्षकलाई दलका प्रतिनिधि बनाउनु गलत अभ्यास हो',युवा नेता प्रदीप पौडेल नेपाली कांग्रेसका केन्द्रीय सदस्य हुन् । काठमाडौं क्षेत्र नम्बर ५ बाट प्रतिनिधिसभामा निर्वाचित उनी विद्यार्थी राजनीतिबाट कांग्रेसको राजनीतिमा उदाएका थिए ।,शिक्षा
https://ekantipur.com/Education/2024/01/07/merit-system-should-be-implemented-in-the-university-from-the-vice-chancellor-to-the-campus-head-53-59.html,'विश्वविद्यालयमा उपकुलपतिदेखि क्याम्पस प्रमुखसम्म मेरिट सिस्टम लागु हुनुपर्छ',नेपालको उच्च शिक्षामा कसरी सुधार गर्न सकिन्छ ? विश्वविद्यालय शिक्षामा क्यालेन्डर लागु नहुनुमा कानुनको अड्चन हो कि विश्वविद्यालयमा नियुक्त पदाधिकारीले आफ्नो जिम्मेवारी पूरा नगरेका हुन् । सरकारले उच्च शिक्षा विधेयक तयार पारेर आन्तरिक छलफल गरिरहेको छ भने विद्यालय शिक्षा विधेयक संसद्मा विचाराधीन छ । ,शिक्षा
https://ekantipur.com/Education/2024/01/07/teachers-are-under-the-local-government-so-the-teachers-are-under-the-local-government-58-06.html,'बजारको मागअनुसार उच्चशिक्षालाई जोड्न लागिपरेका छौं',शिक्षा मन्त्रालयले संविधानको कार्यान्वयन गर्नका लागि संघीयता अनुकूल आफूलाई चाहिने कानुन बनाउन खोजिरहेको छ । उसले हालैमात्र विद्यालय शिक्षा विधेयक संसद्मा दर्ता गराएको छ तर त्यो नै संविधानको मर्मविपरीत भयो भन्ने प्रश्न स्थानीय सरकारले उठाइरहेका छन् ।,शिक्षा
https://ekantipur.com/Education/2024/01/07/after-5-years-of-publicly-appreciating-the-role-of-the-private-sector-in-education-do-you-want-to-hand-over-the-property-to-the-nation-36-20.html,"'सार्वजनिक रूपमा शिक्षामा निजीक्षेत्रको भूमिकाको उच्च प्रशंसा गर्ने, अनि ५ वर्षपछि सम्पत्ति राष्ट्रलाई बुझाउ भन्ने ?'","संविधान जारी भएपछाडि मुलुक संघीयतामा गयो । संघीयता अनुकूल र नयाँ संविधानअनुरुप शिक्षाका कानुनहरू आवश्यक छन् भनेर २०७२ सालदेखि नै शिक्षा मन्त्रालयले उच्च शिक्षा, विद्यालय शिक्षा र प्राविधिक शिक्षाको छुट्टाछुट्टै कानुनहरू ल्याउन अभ्यास गर्‍यो ।",शिक्षा
https://ekantipur.com/Education/2024/01/07/the-school-education-bill-is-against-the-constitution-18-27.html,'विद्यालय शिक्षा विधेयक संविधान विपरीत छ',"विद्यालय शिक्षा विधेयक मन्त्रिपरिषद्बाट पास भएर संसद्मा जाने क्रममा त्यसको विरोधमा देशभरबाट शिक्षकहरू काठमाडौंको सडकमा उत्रिए । उनीहरूको प्रमुख माग थियो- हामीहरू स्थानीय तह मातहत रहन्नौं, त्यहाँ विभेद छ । तर, संविधानले नै माध्यमिक तहसम्मको शिक्षा स्थानीय तहको हुने भनेर एकल अधिकार सूचीमा राखेको छ ।",शिक्षा
